,A,B,C
0,1.1534860667781048,5.381000012717465,0.09111489936982399
1,0.4669215051826777,5.391092224305714,0.860229743309202
2,-1.5339616969355707,6.248954820752453,0.0058066452656252016
3,-1.4624474274832318,5.3571888085302035,1.7142050127656738
4,1.3831269709724745,2.539539448014702,1.1987602926323482
5,0.6084082706870771,6.560801692349276,1.5978684529560228
6,1.4284521568691457,9.820197691959864,1.2399384944588367
7,-1.7435762102706458,6.760973434554836,0.30797745554260264
8,1.6754047870428017,5.129363631354062,2.2748596120228677
9,-0.4280359046214683,6.445149584463758,0.26498702441785543
10,-2.2489665234024185,4.729961051256369,0.4242912436632584
11,1.114117946402883,3.3649625397629555,0.07845530537813289
12,-0.7266776197795688,2.8961188674039704,0.6130522680333724
13,-1.0405792042319502,5.680196068792166,0.24405404851008633
14,-0.47040628888901376,5.086787491065478,0.9409341058929304
15,1.9187825083063614,4.846226472693644,0.6810596696616518
16,0.2954242535319632,8.710084413311971,1.1639976134164451
17,-1.035501118681694,8.557904815823413,0.4957171829029868
18,0.916127540359784,5.296394349335098,0.1675004591264715
19,-0.26657021206241305,2.4444109449028444,1.678915361287773
20,-1.027905473772493,4.342784157358138,0.4431974129893471
21,1.4370031592751582,7.459870162003622,0.722311558511593
22,-0.39212527394605873,11.573074986907422,1.1948805178070752
23,1.3624421380712488,6.050859845467411,0.129864047623056
24,0.15052982443580565,2.3422055811154765,0.1260653820767011
25,-0.027198702064224378,4.24079618653162,0.38189539714763215
26,-0.7709943466700713,8.26845042934153,1.2294011256582316
27,-0.9751733298014722,2.6583628740974072,0.6292533661413121
28,-0.9501876462895551,3.4456551234453703,0.6448091775822965
29,-0.9842426127941698,6.352313191487158,0.48591631116147
30,0.8572068273514531,6.489626400966676,3.2565926070638445
31,0.27763010046756476,5.34749048326907,4.564846996530801
32,-0.4458229852652977,4.130781459770601,0.3936010144876965
33,-0.16215058994746082,3.895636172572733,1.110826940271408
34,1.0960371879764865,4.459881005176442,2.55452049985087
35,-2.594556538981704,7.815004971902942,0.5280187570022858
36,1.1830013150336938,0.17070967045286345,2.864480244417565
37,0.5688623057361718,6.0943112805950435,1.6076386417177726
38,0.7962051170575889,4.637857432910312,0.13280403625772108
39,1.1439863300452369,7.850982495512925,1.7393793178171402
40,1.401115662157059,0.5832586031118137,2.680429294082573
41,0.5719547666465695,7.629381943130603,1.848290495629915
42,2.5469745011670044,4.478427554618072,3.9866648192939858
43,-0.28113414948510246,2.8548163549866206,3.3930733586406294
44,0.03372709003285529,6.922210245634215,0.45760896421121317
45,-0.429959886003454,6.901538415865432,2.2019408040918735
46,0.06956823092090536,3.9108400898743008,0.8240489831587516
47,0.23406082075089418,5.7785679469280895,0.06475341338417649
48,1.0614744192245804,1.7152311071152573,0.43338791786973735
49,-1.3621860986210264,7.012028986530224,1.6038821609716913
50,-0.8934894239789692,3.573362056058175,0.6742409836179469
51,-0.9314828580679333,7.69009828558288,3.280811433879353
52,-0.09453339326246867,6.069530870619455,0.10632771575996895
53,-0.5034076541331324,2.6156257519055806,0.5979191710228562
54,0.7176093282482826,4.688007097111975,0.32677400080339175
55,-0.9286132934793668,5.1288628665845675,0.2645708578967269
56,0.5152226619753071,4.969985152088416,0.43084215234726436
57,-0.0889981338530701,5.736456015753287,5.692379271162482
58,0.6251337648944324,5.960564687372005,1.5443595683284537
59,-0.9237523712788668,4.92475592062237,1.777853275955339
60,1.0446349532036465,4.228376838017321,0.08688175023642235
61,1.4484873797189568,2.0432489070789743,0.8820596214204027
62,0.8647001589426581,7.403653773217241,0.6775383916711549
63,-0.05351688025823332,3.361215317343993,3.9627763492079136
64,0.5396514167323428,5.741594228095208,0.758697947170687
65,1.4922589276857436,2.133664286406595,1.310598217151935
66,0.3072817400904875,6.179739546569335,0.7898037238822714
67,1.2134374403519566,4.025340149645964,1.1970076888446708
68,-0.9555279392620281,6.786836528735836,0.09357181265421068
69,-1.449518648832753,4.425410047324997,0.5403004811701205
70,2.3363503102090966,5.31805323555396,0.6503030842771631
71,0.10259557537745229,2.8706643771547835,0.9668323958804683
72,-0.36946832370955546,4.704808533317523,1.1210485770599894
73,0.48705200271782906,4.211911025267371,0.5104742414911833
74,-0.19380367507129856,2.9144844386970328,0.16099935883617103
75,-0.09222580963981784,4.519985271641294,0.8514382344648576
76,0.15208562911066412,3.541009568024849,0.06299568621336861
77,-0.3918832736876397,2.375693381399761,0.14839063812311545
78,0.9895087484720727,5.794980093397114,0.22612053672314433
79,0.3051009935553071,4.44493708213925,0.6067649536447028
80,1.825331143098666,9.126545649408495,3.4358539580255543
81,0.046109097776931146,7.565531117224953,0.07474782691390341
82,-1.1400791397965586,7.1040859162643795,0.32155665534745204
83,0.02852005493963051,6.481609543007503,1.0109682967827203
84,1.3835119147957267,5.1765992880848,1.2825153664471132
85,-1.2896244540288768,7.430341949247874,0.48920393143297625
86,1.6210532177829375,4.457460575897774,0.5457418365898151
87,0.852583738235694,7.705552573934122,3.379774690680677
88,-1.6287268796090155,7.3634439776971785,1.2844216309794754
89,-1.963289137726022,3.232568065606172,0.917801146405449
90,-0.14405114281767983,5.358108192457976,0.45462421692941674
91,0.5440867209704092,5.128823789285863,1.0846534548368463
92,1.3806445999799581,4.1012318033739295,0.7233200520730885
93,0.7526169470499897,5.134961165472242,0.9170399489723382
94,-0.40951780844177726,5.790708775339584,1.233546212702241
95,-1.0831987264136513,5.082482152159837,0.9704927239024007
96,-1.455690686469067,3.388345779593882,0.2765985880350779
97,0.7874878382057323,3.9159121572744637,1.1439285545564064
98,-1.4003095189785142,2.721398733920891,1.1433914052270315
99,-0.0061375185694999435,2.8736561850649034,0.22025420107103033
100,-0.9073976892205523,5.241022090205646,2.350179785864397
101,-0.5494949317850502,4.443666242423954,0.8690870062540974
102,0.015450538945396058,4.236821367768278,3.2518267332665705
103,-0.21687301631978126,5.433088944491422,0.7189682653809586
104,0.227576397504232,5.367441034143298,2.634394947271089
105,-0.7432479740940331,6.320298676859206,0.21188758827012988
106,-0.4066463182597682,8.221427101929345,0.8142953936979875
107,0.9285057009523795,5.134094600769698,0.01852347643963404
108,0.6963284047302283,5.036407490212695,1.4465633668825808
109,-0.8269229941271402,3.2973553192564165,0.15032131839318233
110,-0.5265963383628254,7.2419460835294025,1.1973640478353387
111,1.7560075239882205,4.710763169209896,0.1562522575986103
112,-1.1852230916066648,4.411931291460336,1.5285069649900254
113,0.07534007146469161,2.5507403497756,2.2323966129408483
114,1.0714702199313475,1.4896432828886632,0.42723088402981807
115,-1.3934253622593962,3.96549198229836,0.3355849442713731
116,-0.954462580104959,2.3556384816398697,1.9104311850325055
117,0.13672316697853643,3.0628518215379437,0.30475503983891394
118,0.5416642693612155,3.7082394103216867,0.004787831331066496
119,-1.1446129046792937,7.3196223059132075,0.749608860684672
120,-0.36540511965646294,2.2199234909398284,1.4398238290191885
121,-0.3929620530133862,7.065723583859668,0.051353988178168206
122,0.6936410831754334,3.9933767088480217,2.6260721113934817
123,-1.5802116744860983,5.550835675614411,0.1170046057089943
124,-1.006814450790902,5.046834269164443,1.4743896777234804
125,0.434622765897529,7.205546400173628,0.41456665743142007
126,-1.3410651519482915,3.431023497037369,0.7450016601291642
127,0.6867458320528468,6.636482335956915,2.700964644540725
128,2.1647956139782343,3.6022015315657683,1.1887240463643856
129,0.39980194639633904,5.103189918754784,0.4985645900959623
130,-0.6238446797302986,4.537120155238457,2.334746385601385
131,-0.6629344284332689,6.375111302007483,0.11790043062327465
132,0.467410162370448,5.951694008924705,0.6968412463502526
133,-0.035456414686450624,7.047499319362613,0.417295045748689
134,0.5958469894223375,4.594847757376739,0.2385350377379202
135,-0.11948588304762954,0.43174122044844854,0.34483100302549624
136,-0.4564317338675408,3.5181440567678415,0.3656992226175324
137,0.6960382960819806,3.8919533245933993,0.1064154680941425
138,0.6127686823577991,10.415362062646501,1.3622874290330937
139,-0.8065340713868058,3.7702940434201038,1.2859054236611167
140,0.035557416396524835,4.9218491881483715,0.8463908408466722
141,-0.26564836999999886,4.292390117382914,0.2799484657986587
142,-0.31741191620718445,5.891312065961259,1.5093922953619685
143,0.3250479034825723,8.151693147694916,0.46215253076612967
144,0.13259748431066717,4.520206047727821,0.9210087609637613
145,1.489138605882211,8.918447698139854,1.8294513146617992
146,-0.6484374814426077,4.2815706407508065,0.7992303081035063
147,0.47399052127181746,4.32619441176309,0.10854397780538198
148,-0.9447669612824408,3.5821156086682797,2.2844549116279773
149,-1.3197231980743758,3.492407047210963,1.7135651549669864
150,1.6639809002128532,2.1145868038387943,0.8034861674738398
151,0.2991008212744554,4.303329126040132,0.8556426794185195
152,-1.4582245728420826,8.382407751035501,2.8477097609197557
153,-0.6741379835115467,4.647475651232188,0.5644781714743621
154,-0.5338329597640965,3.96871315584227,0.5312792126488036
155,-0.7306054543933115,8.854245018364175,0.3442514465485365
156,-1.1094448328575681,6.134277638024731,0.3949995257789489
157,0.6328608302748806,4.073306500785759,1.7747651080014433
158,0.4868314352650848,6.328913936205538,0.16724621985575536
159,0.696115417386664,5.115106843694979,0.32386893282185725
160,0.4789636103531413,3.4710602809553412,0.4432796519926029
161,0.5099377588656444,5.277097273764412,1.0189683702890158
162,-1.4698834309666235,6.127294142261633,0.8670079694864408
163,0.946313821190245,4.301059116637485,0.3130662576381641
164,1.316453744003318,4.425139658968577,0.5174290944611399
165,-0.801002848739143,3.7277447292804746,1.7213476121207822
166,-1.3715166869396855,3.395494005486664,1.466193141502841
167,0.18901231272116656,4.041807757706971,0.14324493672009259
168,-0.43910862823619085,9.05624567901788,0.5751724123654153
169,-0.9999115381673495,4.263032841057624,0.44512714408859594
170,0.38524735689069195,2.3270681311768224,3.127627984940072
171,-0.30256258214848275,1.0313406197686308,0.00945885014448659
172,-0.17061910933358862,2.157247928440247,1.1195632181594797
173,0.6812138771586772,6.703881591039097,2.251263357674287
174,0.24205492439851864,6.374009108582029,0.15251423043424556
175,0.6643359832058173,4.493516541835265,0.2594137690675928
176,-0.6733839840539586,1.0887388322321496,0.25950332777725027
177,0.6165742777069766,1.4554314183361212,0.902259928689077
178,2.9034511321150487,5.515367720435975,0.8054785868701513
179,-1.5093160084198314,7.3810019990838285,2.9119379826927627
180,0.26337100705513317,5.720947051563926,2.444221310194183
181,-0.6980151609776106,6.766454489301671,2.6676334532798176
182,1.4450841391726246,7.5168428434135075,2.835225278235001
183,-2.263762314901422,5.806708978994455,0.6269977371269193
184,-0.6369830189519848,5.713181921209117,4.2876392102959375
185,0.9105500550818774,4.919716812802778,3.2972873132633205
186,-0.11010946048441513,5.995503209869733,0.589402585315423
187,-0.2337577971531928,5.26761006648899,2.680828059598937
188,0.7933246750514695,0.9336815202663482,0.7493642184654538
189,0.5933501972966876,2.173196284537155,0.1767826191322645
190,0.26864717970360685,5.499557007247671,2.733769424318387
191,1.6310234243096373,2.7856239172352484,0.9201192005069619
192,1.4808740156556277,4.7921968667814765,0.9747557418273753
193,-0.29060996459948524,4.238867900657356,0.5521528013470167
194,-0.8067925591781339,6.524202970638029,0.20913406945813298
195,-1.5555374630375853,3.2522963430856553,0.41466690246227417
196,-1.6148015097965371,4.373273206525121,2.780704055760685
197,1.0593328770671502,2.887210553092168,0.06431519005882479
198,1.0076583344666734,4.094470532280354,0.21081472377933624
199,-0.37497399113987295,8.68859750517795,1.493275866189422
200,-1.479209765830614,5.2783903089219395,1.2418796753999155
201,-0.21302297882865803,7.0693960614999956,0.9102632290636231
202,0.5233094510886257,3.9157606419248197,0.04383615960976702
203,-0.01036582936696092,3.640961263424943,0.9938207143559431
204,0.20314093316035883,1.7020873315745115,0.5494123783348404
205,0.6017776232470302,5.517239305130677,0.4689862263620719
206,1.3318476386123146,8.418862262154587,3.0319333773180723
207,-1.3558611746000553,3.0779975710229674,1.2459239366828672
208,-2.1846796945996854,4.7358087816420795,1.5273440456588774
209,2.27720049578597,4.204211810905237,0.35844028307623144
210,-2.698546366764443,3.78181191492229,1.7568401491149845
211,-0.029687793191456723,2.3583661233868827,0.36247308410080065
212,-1.3927751906222745,5.034619253971543,0.3920576053510132
213,0.12847649658386698,6.656982226783822,0.7440156069482468
214,1.8606194966702232,4.0476287903703785,0.5461233290073968
215,-1.0113478724165985,6.516170065420251,0.1519643673033931
216,-0.9892111635612513,3.0960098237421887,1.0100131159634442
217,0.10939693360274029,6.675583516485832,0.6713233863585233
218,0.9151226471467512,3.128568858228989,1.1739476949309173
219,-0.09151521718540022,3.791803572084868,3.6024866223718206
220,0.9672257992231508,6.7965244794904045,1.5609391136931179
221,-1.5903165535954285,2.5456491374303916,0.3325984763834075
222,1.240423301585901,5.553604802821585,0.26081441217274776
223,-1.2414001106753751,6.175849229614367,0.09145294950979378
224,0.5893046995890876,5.100687421417429,2.3096835415354433
225,-0.05708103242800224,6.08614896251418,1.6176971748481344
226,0.45324279941943985,6.337038287072358,1.1274845813917334
227,-0.2872929741429376,5.86965408981085,0.8050827912700192
228,0.5319720704395433,5.311427093897599,1.138216689545645
229,0.20833356290991395,5.880251864976905,3.146343212353381
230,0.46631232908257525,5.913990799699012,0.19293167306806971
231,-0.08783967795323588,3.6267334301419494,0.14665402187146903
232,0.930323755077352,3.6967560893906395,0.24041891511746502
233,-0.8271561345643789,7.0311626234262885,1.0650206348946687
234,-0.23083297638302458,4.766385226749816,0.5011771947769675
235,-0.08815540388277403,6.0917522799394055,1.2233421984498285
236,0.9908570135502686,4.965812187837327,0.7658334920900272
237,2.4349080185326373,4.797073259552898,4.952731222447501
238,0.4220886420466476,3.3286956181175933,0.594559976947085
239,2.013195421294912,6.492816901535683,0.050922817272613455
240,-0.7119519172607957,2.2633430469854,0.7462653344273041
241,1.5339422671665337,6.528158621223746,1.8227271975189072
242,0.42089996955310277,2.932938991351651,0.129280946419677
243,0.5677022632442357,4.548622047297334,0.8279583373786316
244,-0.1379787681401736,4.97295272353583,1.1822596058254728
245,-0.29876390389073326,7.075097172015819,0.5139756119085591
246,-1.2927859279083713,7.981432086888553,0.6179324815637236
247,-0.33809073617131935,8.578955409367403,0.20259995239707887
248,1.2496713870613987,1.5510741880355061,0.11045373594146683
249,0.5302559638239331,0.6114319140307609,1.220568933447443
250,-0.7600721467315017,5.562382495229136,0.3382725379922798
251,-0.5998407755057771,3.780252154662058,2.0330052826143024
252,-1.304116903775036,9.961827170806966,0.08764773488291176
253,-1.004951791827474,5.693897409794582,1.2587044137048167
254,-1.6078476449413923,3.686530495184962,0.4225315743824245
255,-0.10594540890477118,2.349778267155347,0.1888006739990181
256,0.7023429603718355,4.604534123654896,0.1143937817584903
257,-1.4059526359121715,6.687856504753623,0.22659608327698932
258,-0.17153388261958127,6.0899579703681015,0.8473222399459538
259,-1.1122969212973186,6.3708029660823104,3.2795096388180265
260,-1.1612988725545685,4.280314252808586,0.7376926380712752
261,-0.1484721782165534,6.225461636450476,2.020097067568408
262,0.01199471419118951,5.373248335186447,2.1201123017194647
263,-1.5295665018707905,3.38873607556598,0.9895868277668489
264,1.462212664210636,4.097452491229722,1.9687538857933717
265,0.2604179071523354,1.888060358035323,0.012339148017143167
266,-1.8802020047163566,2.8443381891213124,0.0909580541291658
267,-0.5027713734072116,5.078964527699396,0.6505476042629935
268,1.181698225089538,7.2465475725743795,0.46055544605670495
269,0.6617225486350281,9.198665738149941,0.5510570524629677
270,-0.4458715073107766,6.928819735524446,0.4512787639510603
271,0.8814465046803721,4.925931971585466,2.324186508106139
272,2.993266185580912,3.1977119896701782,0.28837363807628486
273,-0.7950388888606718,7.858063118818588,0.49571055294347566
274,-0.06804859563579754,6.531516096412815,1.1750604378070053
275,-0.6730592112354224,3.31702610749332,0.05165948230009702
276,0.5794694911853397,9.000388652852093,2.659803269982731
277,-0.9601093549411582,5.751521039453378,2.7375984354010883
278,0.13360779766336306,4.822517952979529,0.0986363197436222
279,-1.5286920919377383,6.167701242403416,0.2660887552185456
280,1.2211637893474079,7.559877818888943,1.0713598248155476
281,0.4371932892252536,2.4398425338879477,0.060457528280763055
282,-1.8080599398692958,2.968108969680234,0.30338609909874115
283,0.320574872816674,5.420431979269859,0.350947024713547
284,-0.6669984455914109,2.9905060343070704,0.055987902941821266
285,0.2567473101748041,4.909328348188074,0.2898606409064115
286,2.635640120921438,3.9970599958475326,0.5838181309770311
287,0.9321995021006891,3.8997481110057794,0.7773698656971341
288,-1.2995856890451054,2.1797005875364164,0.3009712260126175
289,1.1226783193551841,8.680310801062781,0.3332785877159521
290,0.20314278451248552,6.815944136983587,1.2134120931953412
291,0.7540963792095504,2.716156961597571,0.07166928133939783
292,-0.13222769160746514,4.998268139172098,0.9227102910829729
293,0.2674175167167007,8.792853136926174,1.6728671847184577
294,-0.17554709106255928,2.1954526203697897,0.8763693072464671
295,-0.6993675440076577,9.302527183921196,0.07725416418444997
296,1.6638485201503388,4.685321575725787,0.30606051032294956
297,1.8425773563033838,4.4214443521472,0.2481846264046259
298,0.5924444418099954,3.7589921297618547,2.216413513592367
299,1.036606781169025,2.999168011069195,0.21928958196444048
300,-0.8109353083455031,5.967135059197587,0.11098135380200667
301,-0.4073128965335797,4.181919478314826,1.953776280883054
302,-0.9062979189505348,5.082883306761247,0.41743821056326863
303,0.6118061445867585,5.832348273945916,0.2720935101663512
304,-1.9825191662084154,5.763227955542989,0.6615755584548174
305,-2.014164249003978,6.169373582296798,0.20350104664427507
306,1.1131795081233824,3.469049013035656,0.18162392461082488
307,0.11725603403711819,6.804733670183339,0.6261999942398091
308,-0.7732819002026086,6.801895368200441,0.2650694489936734
309,-0.3212503630392019,6.94416123623393,1.5016299830999837
310,-0.5181171055650285,6.571384826783797,0.9255428153426107
311,0.7231658984114515,6.6831846455441974,1.4135357652162774
312,-0.4578030548926883,4.832948950035395,0.23914640817153007
313,-1.053865100165326,8.576647572504474,2.7519542046778547
314,-0.01118305824783378,3.648700801575999,0.4433659422203115
315,1.165200926179058,2.159033134585264,2.8220598737729805
316,0.5688268763954935,2.8039917024629357,0.6203897903057742
317,0.4686542540337822,4.8693227032109085,2.0179223840221554
318,-1.181860530643696,3.9165914366927215,0.10684111679587341
319,1.0040179903435056,2.2220008585916564,0.3759324552573155
320,1.6573182212669233,4.033574138503223,0.42892820288125894
321,0.40348543680330046,5.491451002649566,1.1068366626185147
322,1.0904458320066266,9.913455402092197,0.5627539078932573
323,0.8244307648662859,1.8216967221260343,1.7888677515492994
324,0.19390025918732287,4.513650133843527,0.6081436752930247
325,0.41152539462710513,2.600884910099452,0.39043716971468156
326,0.5029771761201544,5.4713121784199075,0.9440844161433516
327,-0.4552616685582499,7.638519705984143,1.8185156639717057
328,1.8099862828624589,4.843298554953557,1.2738502674005245
329,0.7340192197374249,3.7545981110177866,0.4970099990744959
330,0.2801803384347765,7.154498952652863,0.09587557038401741
331,0.7282952103025432,3.1751397774571917,0.38236562661191303
332,-0.8420457552027466,-0.25774963234692727,0.695717363458789
333,1.765319857004252,8.047537530488569,0.7409548091274085
334,-0.9670134542347905,7.891094601483023,1.1741811709745216
335,1.3310964185215477,8.101839663356632,0.4763906256777765
336,-0.4388607092710619,5.878821432354055,0.7784303167270138
337,-0.4171203490066095,4.562441218601495,3.0591220199013804
338,-1.5911774356462933,7.7113649533862105,1.63434888009998
339,-0.13082228847330746,1.0742374844820572,0.7422705403784983
340,1.98635818348451,6.510545150003762,0.2540516039621408
341,-1.673497446550788,4.134172272910582,0.1908787677754007
342,0.8752817403534716,4.757228787117002,0.7092633452803844
343,-0.06819367471943737,1.8585129406169547,0.00948095521863571
344,0.09145589291174488,7.462941575513503,0.37727088921401053
345,-3.094238773913252,5.0008627734980875,1.7503745517360125
346,-0.43649117972774043,5.746479733066198,0.612582964637826
347,0.8280854506845862,3.280358593058325,0.37813395806848155
348,-1.127242604433217,3.664164256999098,1.9081978326427025
349,-0.18347347688079896,8.779847547026689,1.2572344500263497
350,0.2657450420012721,8.940956860403613,0.46103548874448896
351,-0.807048730982595,1.1602941476177815,0.022758929455944425
352,-1.0206537968760834,5.321381358257656,0.9847581014133494
353,-0.6599617593113488,5.768880755440048,0.8220655061275808
354,-0.2941609662178498,3.0772434650534546,3.218650080073225
355,-0.10165533441213014,3.360923271685654,0.3140030820897061
356,-0.9392848328325943,4.194382891482217,1.1933030850872635
357,-0.36816479144957337,2.879318880478175,1.364437464824717
358,2.902258639714253,1.5152025635307096,0.9663891782397542
359,0.8437001711241273,2.2525296229354645,0.16065716234992564
360,-0.825759360587091,3.2437688597803156,0.004663915737173363
361,0.6250028405439512,4.382442034434563,2.8362467057392347
362,1.433014899256992,3.343419976011039,0.145600474247318
363,-0.3435415436567562,2.7389432820135724,4.3128698749447345
364,-0.15745167343653516,2.470737682434818,1.1492762415525328
365,1.3627288204889139,7.107180149457456,0.40466131473678335
366,-0.7461214660809736,6.740184466282033,0.9325765009841445
367,-1.4735941205270557,4.670348695955972,1.0319665846709951
368,-0.39718610648783803,4.623837626529326,0.3329526822028034
369,-0.37544646069442517,4.780445816638449,0.5404371288055395
370,0.09166599211074099,6.415705655854035,0.06035170885501365
371,-1.2210017562517899,5.055755545773386,1.4731807546652442
372,2.402844700572153,7.856088912336205,0.6106947928335295
373,1.3874768806926767,2.7092209110957732,0.07711564054308748
374,-0.19079444459398864,8.254883234554958,1.026016801388756
375,-1.9770181486412777,5.8511401509761765,2.1621595054080465
376,-1.1217327570823332,1.8573540441899339,0.6607581562438075
377,-0.5962379300327494,4.863118814789276,0.3961813337391873
378,-0.8729360969803812,3.2794835513122536,0.1444776268932512
379,-2.1703009844809085,3.818793363460366,0.3908290475592532
380,1.2688776279726286,5.886860422879314,1.1746185830145512
381,-0.6737829579480971,5.682565371830478,0.5639417357089614
382,-0.5333645253424955,5.211583399435675,0.11564828684871115
383,0.40512246266095686,3.2872608011328914,0.6263069266801413
384,0.9666772655957544,4.335250026380808,0.5446401947828732
385,0.12843221755049838,4.889897623643134,0.21372087910571702
386,-0.026632065448554346,6.896206464614384,3.3316461200205945
387,-0.09244944133765709,6.693689872679513,0.21034746690461847
388,-0.28259012137644063,5.722400156768664,0.09296154436396886
389,0.5571871023412455,4.5940764727628265,0.05182131812963881
390,1.3779330991545486,2.3360284303733674,4.880070332060151
391,-0.5075002769069185,5.0495553324689375,0.5914137027115566
392,1.9852370140120574,2.977083557766444,2.598907180858397
393,0.5431378410306216,4.591980199068523,2.252680753027932
394,-1.1974385683747464,7.311452342119434,1.271781273656035
395,0.254007827017472,7.15627129663651,1.0378816499971173
396,1.384893107303505,5.350777166117186,1.9592581996452723
397,-0.3072899362939517,5.4184916753816115,0.5927783777827802
398,-1.49046203409896,3.489711384803582,0.3642405695781243
399,-0.5912811712070217,2.2181954558441435,0.5084905524043581
400,-1.437577868324698,3.158343699503761,0.6860829280718282
401,-2.0140968836930613,2.239604426658827,0.09492974904329227
402,0.18877182651169427,4.694959508033227,0.2265320561053536
403,-0.5140644330058463,5.441885991395945,0.7450983876695804
404,-1.2778607646996074,5.751778811139366,0.2942661201971412
405,-2.1745087043177,4.323009489999157,1.601694060055074
406,1.5028799279119371,5.38937346277654,0.4316018132876349
407,-0.3573245260235844,4.0775010015854525,0.5182937625068815
408,-0.6416784231030972,4.03423842758326,0.03602671640494811
409,1.211793529775883,3.186381134843008,0.6680338799546685
410,0.7509263393145675,3.385989222418932,0.015460761689445794
411,-0.7847526706660076,5.4559247113323055,0.11718058821008448
412,-0.925028069144831,2.548372393184672,1.1532709174495814
413,-0.6774473620695972,1.855816966211059,0.9092358476405985
414,0.283770262172306,4.328579935298472,0.40982010925450996
415,-0.3685999335526435,4.731652402704485,0.4724813827995067
416,-1.4068496106466646,1.2345815590122702,1.6268298142132476
417,1.2491643812540285,3.2817546569557488,0.2656674878855542
418,1.358997047957165,6.142807791318896,3.7056237757755905
419,-0.7180482934108217,6.328385797189901,0.41939282494618574
420,-0.9733403143250046,5.330748747632369,1.5259219246288613
421,-0.8305921833908341,4.594814454529261,0.8621974159974175
422,0.6419685282416859,6.06778458886107,3.6338254664370706
423,-0.37181225055542266,3.4170432165341147,0.3341105294506705
424,1.4465810938328043,7.20929887758758,1.964958031002271
425,-0.42555923746237395,3.4259978812841925,2.051989025458072
426,1.3423431897340516,8.238402259582509,0.9544473513170431
427,-0.4292377991779445,4.950270917593764,5.132898564751667
428,0.6814953256656306,5.473351267169494,0.03767296623278155
429,0.9428561487232927,5.112383225934413,0.32323665336634666
430,1.020694771053983,6.091658654145298,2.5948149772079177
431,-0.9498285926980687,5.569095068759626,2.614567720020349
432,1.6944231883352219,7.712172599569895,0.6151903824633029
433,0.019206773085271866,6.885372936469005,0.17447252868620478
434,1.5345998472977855,6.010784934058307,0.21217926880101123
435,1.3254480583597374,6.738816212596475,0.7993331006589314
436,1.0390081715726738,8.181548364207483,0.5953234088516669
437,-2.1009530618532843,5.140327794388731,0.11284311318356852
438,-0.9884115208748457,6.50832699661745,0.20358051014260853
439,0.493080560788573,4.041849308440595,0.6790004515982068
440,0.4477887276333952,7.718572542228502,0.9793113126803872
441,0.8173082737443358,2.7581728272437114,4.266124063799785
442,0.3533608911081332,6.632314124449665,0.13779061549037808
443,-1.6628727148560434,7.134948576547714,0.1356373265734703
444,-0.41336392634034097,4.111198177990492,1.8444269667579174
445,-0.08971136300015997,-0.7050111299381028,0.5087401917773329
446,1.5779850913749967,5.7567653006879285,0.4021464818998113
447,-0.19462695518802128,3.611164112696782,1.0019014588449178
448,-1.4809499268960833,8.548376446516336,0.0879415300734553
449,-0.9397220075135883,3.9583839405970753,0.0868288050846542
450,-0.5358227185396944,2.680148002156231,0.7239715194421228
451,-0.6236359739389244,3.56089303040184,0.16143803333383414
452,-0.08068684172296672,2.799559858381861,2.6541122763566465
453,1.1880227409763615,3.875924751495011,0.4190115569428062
454,0.4370689939734941,3.1181776131040966,1.711288692207693
455,0.7077805295989995,4.597967567230759,0.4756290019851203
456,1.306351107146542,8.426295845874314,0.6382670377786608
457,-0.3033937503194247,5.296535122640089,0.46890290065617196
458,0.4490259269341226,5.69918588290687,0.5757079624049327
459,-0.692426546442688,6.728122798383789,0.3708304128864988
460,0.5330720613305155,6.330220465784169,0.9828845444111219
461,-0.3999420204837825,6.192686105045289,0.38344583162174917
462,-0.41068752652614005,2.462093505166999,1.5310522617942492
463,-0.7663336918902022,6.6185929788475875,0.1277172691679781
464,-0.18907044628242028,5.408505112742411,0.02018251311602219
465,0.7949965259334866,2.4706231572197983,1.4546057388965985
466,-0.4737840599657196,4.1536825023720345,0.9434460918946665
467,0.7351435240590632,6.187456718712994,0.10641058056338623
468,-0.3780331212439567,6.624258136030335,1.4665505786608959
469,-1.3646905132632368,5.340048478934761,0.003924278506289787
470,-1.317174456133404,7.257211185771118,3.396027864453104
471,-0.41956640470820394,4.689455258698388,2.479743821184069
472,-1.5920083624592611,4.600445020452487,0.001639460265715221
473,-0.8616916792283529,4.131372554109785,0.49680759167939464
474,1.2458373179774775,1.9483744483664078,0.36775530841753085
475,0.5605683143202457,4.115964370619984,1.3604185845405552
476,-0.3679706161844774,6.430376001444163,3.1603283310335617
477,-0.23119635680451345,3.948514980305069,0.6102080950620656
478,0.47819842623419545,6.861839933139404,0.6312979792000224
479,-0.01685150524704378,5.097153093328563,1.3657081076713526
480,1.240638268199015,7.9403727680445435,1.6321811597228375
481,-0.17753798287196923,3.599593593829141,1.2060404332500914
482,-0.2923961759680598,6.175689415559475,1.3481988444859019
483,0.26001419006248083,4.881528750332916,0.2037276111949411
484,-1.5722085092079112,3.4443303361344064,0.8587151443140265
485,-0.2533199379876983,6.016354368044088,1.00296629737832
486,-1.3472807419885482,5.924865978003914,0.138476435947074
487,1.6618609172667806,3.1363925608270233,3.271649541624785
488,-2.0010959254162666,6.178941324995801,0.8935085505382442
489,0.497541139807743,4.049659220073804,1.2765960388959863
490,0.6714673478497725,1.4306024721962531,0.14323020412763302
491,-0.5267029629605425,4.19702363785387,0.2778858305566065
492,0.005634071651838701,6.304348428050163,1.1780598041601904
493,0.5369723291563792,0.5523264249829172,0.7673529452498407
494,-1.449185286389713,5.160271472799191,0.5680139062383557
495,-0.4313974456615896,7.917113466824301,0.7236963830043966
496,-0.703489863669126,3.7303452241462076,0.6587363187190771
497,-0.44562123059728465,2.7076596236885973,0.915803770271165
498,-0.45321748210957213,5.294493425601727,0.2879278484059062
499,-0.3494220004661727,3.5048523772206828,0.19727735257123055
500,-0.16356863151810141,4.574665308011944,1.733556544958908
501,0.08779199183571676,3.868282178924998,0.6717385527162788
502,-0.31224320479311024,3.208779110560215,0.18589883093239695
503,0.45783576870997517,5.895596999546902,0.19276266974166448
504,-0.4953921260758034,3.5844153674703927,0.25594891480793824
505,-1.1287990615406944,6.084747035887873,0.6809456661476042
506,0.773696928209137,5.401097786890271,1.4876461704067157
507,-0.8075220221408507,9.74277807388248,3.5719969670333733
508,2.3180348100450767,1.293360767441314,1.1019510468558442
509,-0.6580564170891495,2.6188854466455336,1.822348982816425
510,-0.6627475883430878,6.160934476177221,0.8719548266966421
511,1.48111512750076,1.9721873846908369,3.074215573024617
512,0.9308441629978703,5.955362432094894,1.5439803549273705
513,0.029295937544921772,2.5951915860855665,0.14977212405076404
514,-1.2365484877635158,3.434863381868502,0.3684806853059775
515,0.19358628211040668,6.816168637558709,0.285921847653184
516,-1.680788487347536,8.526038608179416,0.6337404603285669
517,-0.4566119335271199,3.968349559564873,1.9181754063739802
518,-0.8751957272839488,6.070774557550392,0.4279167201453128
519,-1.059254901069284,7.788155003108417,2.848273319221787
520,0.594545177505551,3.350474264648998,0.1119366911351545
521,-0.8296844361386237,6.7141052544486035,0.3372087198917097
522,-0.5052016359180124,6.163202323738957,0.277728807160712
523,0.4574256991097342,8.047037265079233,1.2190879119992084
524,-0.6821509036268892,5.915293743915278,0.28704578916595874
525,0.7696475859848393,7.361260931143087,0.6957830282220255
526,0.6813075373994074,4.871993438874389,2.902016447807753
527,-2.5357619778858855,2.353047142752696,0.6783649867574635
528,0.11378296321470859,6.798939612882707,0.0730675662437282
529,-0.5367782679452557,3.524426316625236,0.6509352770594535
530,0.4325645806167811,3.4778514179254847,0.2811168177792591
531,0.12384888526254169,4.911782976018923,3.347405433242228
532,1.9340997363580186,3.134355252094422,1.1802493485743841
533,-0.4873572988521426,6.997077231348328,0.8879161852768553
534,-0.4869746878125775,8.094591978856998,0.6731768480751198
535,0.9582196676205755,7.250024798866768,0.7968700862180926
536,-0.10716864260097723,8.11211869253469,0.1017198824683059
537,1.1594308334243622,6.1210732535542585,2.7363104274790673
538,-0.42091122741026893,7.640870988283857,0.30493684050787606
539,1.654742342600913,6.428727892824834,1.1758219856333185
540,0.5544715290957913,4.8592305335154045,0.5996907928197628
541,0.728447331232374,6.956618128015743,0.11972572268340796
542,-0.2077414312519437,2.3591163087465983,0.8900534665074975
543,-0.8475651403878475,7.945160628490637,0.3058009018127201
544,-0.7547342556823631,2.794293030914867,0.9454045106412421
545,0.12282950410278218,3.437914857686118,0.5568377237709835
546,1.7755855048297027,4.8093235100206275,3.3271488840003767
547,-1.7492020724140842,4.907987292376883,0.8316647361713878
548,-0.8369419916007999,4.688140961846819,0.2197581738983371
549,-0.5038335371594221,2.9162309507780164,1.9246950808746002
550,0.7404494819227998,5.505697540844613,2.366951066772509
551,0.27767479770768344,4.396759669195699,0.18684015748948626
552,-0.8506639409690753,5.546853997293097,2.023446066107342
553,0.2862778513166744,5.397646899060403,1.7773971637723391
554,0.012495824861881869,4.720460957921221,0.34606920528756063
555,1.0255895164179405,5.771429607374003,0.4979603835511493
556,-1.0453762431033597,5.591947501227354,0.14766789210855047
557,-0.8763689290712302,4.869337889494398,2.0818920381173154
558,-0.686383467031311,3.486720639110012,1.3057893188917307
559,-0.63661671511366,5.1879743752706,1.4079106228376075
560,0.9968254478960509,3.6450121139606466,0.9941081667033298
561,1.2221178683800922,8.768235561226819,0.697341403777709
562,-1.253798682985803,7.608703088963368,0.18743764738661925
563,1.423579289476621,3.987273005379764,0.07460463515077255
564,0.08865796459506292,3.7044980283378837,4.561184845230039
565,0.5915213757773012,5.661234696340266,0.6098335604192344
566,-0.6582737422858763,3.3950563020726676,1.8252768936600563
567,-0.23644398291206908,7.193847912149744,0.6926306814098435
568,-1.396013657973737,1.2215787501414463,0.4741060923851165
569,-2.6572613282388176,4.845033359580602,0.5352239314215491
570,1.8686703266625064,1.8743712378510131,1.5751206936751367
571,-0.0010229206402898687,3.7642819380804164,1.6944842319006967
572,-1.4112420528077556,7.333362198184685,2.345293194399576
573,-1.0245174254107585,9.859219163707426,0.09429080370578966
574,0.19725295692052025,3.0907069922290926,0.6510320434114188
575,1.1279066463718104,5.430523254091923,0.27900783916020283
576,-0.1791041100043379,5.909633891472414,0.34246164540634016
577,0.2097232330626276,8.394946204032859,0.4262033050591396
578,1.7434864658782265,6.966120088387728,1.0701793042503451
579,-0.605753905425769,-0.5571365503373267,0.18742345910029873
580,1.1922410311939804,2.3278294678413927,1.1535081517925336
581,-1.0380985986660118,8.583319329842272,0.3890828022799135
582,0.6272957295277286,7.305189655060941,0.28037488205114053
583,0.6076344991365299,9.298939098721553,0.5610412109001078
584,1.1753007173015215,4.478126050201365,0.7143431943510866
585,-0.7708510107451537,6.91458774071362,1.7238716156296963
586,-0.2073616532345921,3.4380597115968943,0.45871518412160267
587,0.2528822874038518,6.7179826990628735,1.4347703270462526
588,-0.9153803234570526,3.373236758368292,0.09128252788096032
589,-2.114345270865578,6.503724559769051,1.7734531067650101
590,-0.9429615465264936,4.1405153902156355,0.6386098699907318
591,0.6643236359888962,6.963128332035795,0.7012584432831178
592,-1.1888463547698231,2.8167616505501107,1.4484081465254979
593,0.0006310479968698582,5.855011374998056,0.8688654092787548
594,1.316040853474968,3.2661332910515926,0.8070352874415938
595,0.05408261824659589,9.039264509473444,1.7295279625538373
596,1.802935224566413,8.630322700557688,1.9787485114443049
597,-0.5499846498895091,5.18555225839688,1.6259774026957354
598,0.3748608056786161,5.371890814436884,1.7954873025285325
599,-1.3329188524705853,7.200344002847023,1.9677528058039506
600,-1.082003214177721,5.174965755111246,1.3295901734847266
601,0.5366344094160708,5.669830934364934,0.6309327710339623
602,-0.23674694224130552,7.341205002297025,0.03734501127556471
603,-0.09611957266176874,5.123019973560764,0.025825093074224422
604,0.8641820906206893,5.838933684844185,3.6936327803926297
605,0.720023487641784,7.318223165610934,0.23750686244109773
606,0.5419050277554136,5.293718707124214,0.07582751243627822
607,1.377989979561752,8.501143240218287,0.2663037200347474
608,-0.8952611028319644,6.179420536250792,1.8580653311432114
609,0.5420414610632585,2.251148074644321,0.4450968325405075
610,-1.164993829938316,5.775403267108103,0.3663859689757159
611,-0.052211216324502006,5.094138693252388,1.2485074820873177
612,0.4794431723987154,3.787968183780875,0.0057115102592879795
613,-0.8224193003177047,2.9178072798901145,0.831270910231161
614,0.6486827032423305,5.998986972461091,1.1096972329049208
615,-1.2857780727279755,4.205237066049685,2.0954540644631896
616,1.5698940979933407,6.50081607736584,1.347244274765168
617,0.2201705884938105,5.0195338038711474,0.6522109155202571
618,-2.445499093772857,7.735363910156856,0.18538427627833023
619,1.1876385711838169,3.446388369003837,0.1767932880015821
620,0.6426082809624716,3.2025022703579538,0.07847917880976903
621,-0.20279717967299887,4.830038593411037,0.5646410763405896
622,-0.6625416384096698,4.437721532689253,0.8321832856330419
623,-0.4491606723132162,7.989975608149859,0.4223063240442784
624,0.11080732449315722,4.007386817211016,1.9701160561051123
625,-0.30600787900722576,4.392376191434987,0.5429639599288489
626,0.32472555930560815,3.052514426160285,0.3340766291752563
627,-1.3580826728965263,4.692684380650296,1.7181339845121477
628,1.1885672434649301,5.952401493497583,0.4359866426316164
629,0.04019057556510873,5.92638102283928,1.3713802129138217
630,-0.15240978788648016,4.752424014084457,1.2791158161111904
631,0.561945164584355,1.9496539701152695,0.4776626584814116
632,-1.6114185570042954,2.1407616382184216,0.647257217219984
633,0.06416539297802253,5.794208043445097,0.13699890312165716
634,-1.4540509402518498,7.948826822260193,1.9037820056080523
635,0.5357496907146736,2.6285128247250635,0.249203977325644
636,1.2272317161088475,4.69973619986978,0.22456545908691525
637,0.7898372009674343,5.957358211492305,1.0864073525000264
638,-0.46649434482194446,3.4363199880472983,0.20567953797521074
639,-0.13629185820197612,6.488745650563788,0.6402384246358312
640,0.323797052172742,7.5133351127080115,1.5580916315136044
641,0.581654699035044,3.24784329130724,0.5700923073804278
642,0.7185010588861617,5.443249369412106,1.3384192729761686
643,0.573784951894987,6.187363303147031,0.1781645772453374
644,-0.8779222076525282,5.988729234879362,0.6670259881576115
645,0.1101963980147478,6.4308893349188425,0.2774760479475574
646,-0.6891745776440884,6.229950223805061,0.41081917952456953
647,-1.3897629311444255,2.2848453261441164,1.9708626963788025
648,-0.9264918462761851,4.112201889603795,1.3231613771435347
649,-0.5926499333849565,6.293109930667845,0.7188638965134022
650,-0.4024981523766253,7.239107002681207,0.21784799954241654
651,0.6738232769615549,6.919193140669044,1.8722454238411628
652,-1.630409458498872,5.299498972844526,0.5389724240569974
653,-2.08095908101616,5.576554530346874,4.215028650648527
654,0.2307836917874367,5.3599224934605845,0.21164799011709384
655,0.8720089740558792,5.221985488869065,2.3116943883453898
656,0.04492753897931779,4.995775619307848,0.1614225643541279
657,-0.31876267101234884,8.119112765111739,0.6804298116769196
658,-1.117726134074208,3.949443705025371,0.23013252645039395
659,0.09913147230537726,5.39752794700581,0.9152145550218478
660,0.20374547673263396,5.744595082811358,0.00954531493869596
661,-0.0342622725994619,8.299174417069224,1.7828520376416948
662,-0.8108184546018224,2.6410855038632777,0.00035786537350695363
663,3.1438951378374074,3.258500918921934,4.851353095502758
664,1.820719809584315,4.20476292195678,0.46602356669226275
665,-0.4107312524990375,1.8780230766437733,1.2998063704585194
666,1.5205898642074056,4.994838423190984,0.46838930537962054
667,0.060668831239209055,9.537190146147173,0.3884597805841602
668,0.39611654092365906,5.903420580469009,0.6394475054280101
669,-0.43213637882300276,7.266067046532504,0.41421271006164306
670,-0.41570060545589205,7.697689086888059,1.4192946866784513
671,1.2009235210509193,5.278767403356737,1.304927468293221
672,1.0441466096034888,7.989469004649837,0.3365128793754592
673,1.711646363306053,4.3209572148220845,0.23997719560300282
674,-0.9828048535317941,2.2414781117235956,0.5769503450091324
675,1.2549458927551789,9.635835143796143,0.06347067789326225
676,1.1801687048205227,4.783499329919703,2.3941745882845145
677,-0.9859158366151034,3.4618778916802055,0.42623322484466886
678,-1.1332048888743471,6.641434876922755,0.2171555475450138
679,0.38226550462265063,9.663608545471472,0.5791337317473535
680,0.7703670774606568,6.159965561919819,0.6400671489797709
681,-0.1807943960051146,5.213579026382969,0.40895731881821373
682,-0.9526418927180248,5.290178095781078,1.9740436691156962
683,0.38346175416516853,5.315737789778725,0.6297046644536927
684,-1.4525670937712687,6.672017964156995,1.018284778477694
685,-0.18794323978383157,0.6557453255368255,0.16404903180067426
686,-1.4774227676425011,6.498841722648706,0.1827962541599711
687,0.7046819591755181,9.268970169252398,1.120435129086388
688,1.0337672901941868,7.7306095908697,0.6988384106394943
689,-2.2803337487421844,7.007690698871642,0.6538908969078497
690,1.1107616984954545,7.036429750667391,0.12990888187486563
691,0.6522434082586438,5.433217373382231,1.5564889739835857
692,-1.0202716517756196,6.540679481394892,3.2725658306490644
693,-1.0191890088322462,-0.5892233915022143,1.0220120019009797
694,-0.5212677674884142,3.869871113451643,0.5131300066103703
695,-0.06456252952787313,4.166252967584148,0.3434255061773506
696,1.342173343221201,1.4912281841708226,0.5916648918134321
697,0.5464693894859853,8.143111748039868,1.1369468600053945
698,-0.0074448350152471485,5.431374474773615,0.11427044831669399
699,1.0993450700499778,4.93362522550404,1.4209753211222134
700,-0.026449250426193623,5.976376544906424,0.49322499086167976
701,0.8494330821918826,3.093278616062708,0.33159623419547946
702,0.687007473294971,2.3750932160863427,0.4801148771316361
703,0.12804016862475784,1.9239930525778615,0.3518226489820419
704,-1.600624361852118,6.405832758154961,0.07154641155704984
705,-1.2171798566433807,3.1341668150220174,0.03294049804287689
706,-0.2655823531267743,6.512154593396985,1.0845260697882932
707,0.08763102062652704,5.62548617900741,3.0791023889896745
708,1.0583079889863947,5.1970677089405966,0.5207895393592692
709,1.860746829546464,5.462010069088604,0.2955369879561855
710,1.3299084494997495,3.4231161567142734,0.1347314898331887
711,-1.4870363205746395,4.305904062376241,0.3882612020217122
712,0.2541596665826499,7.6131581864915585,0.9106570937304788
713,-0.5418329978423733,4.677144663625866,1.042372379777134
714,-1.586215742373544,0.5727214520503008,0.47462459233944354
715,-0.3790486108245961,8.298664923687618,0.6187539077690991
716,0.5006538158429654,5.111290541171281,0.8844504099349844
717,-0.0228679300362035,2.9316166213373815,0.5567527636625926
718,-0.19236867768270446,5.408942843761613,0.011399639018267939
719,-1.070689735415827,2.809130837003571,0.7727172558950081
720,0.6007875226921127,5.706737164986467,0.05654728568459574
721,-0.15223567306887884,3.997783660481013,2.57610418356922
722,-0.9763154583373034,4.735457969302642,0.1683607413529289
723,-0.3762798388541555,3.465232695109969,2.283429407573125
724,0.8791511413184145,4.593732251976322,0.16281304034025793
725,0.6132068405141253,6.311890381644376,0.610601853749654
726,-1.572771892903618,6.65378706124535,1.528074022928027
727,-0.12652261563393902,4.776399874659808,3.46503739783877
728,-0.06960876033607866,5.443758570862023,0.3824992521802743
729,0.6182861144511689,4.783175075392537,0.381594115596563
730,-1.1271981211338973,4.013029575527047,0.16466581731686752
731,-0.026282595014034082,1.282120156721077,0.20529726045908392
732,-0.4407746044041399,9.573042412694349,0.10958276396748738
733,0.7218559778553715,6.774887388839094,0.7066696525883875
734,-0.14489239597397696,5.7972399387729485,1.7006091016775298
735,-1.308391816633784,5.536945971867511,0.304297372703574
736,-1.9141379007611767,5.911691338439893,0.3561265710627818
737,-0.0073624037891651855,7.7055631321475255,2.445161477247126
738,0.17675537948352832,3.2925784543548113,1.868680621363084
739,-2.4991481336526067,6.062548112870136,2.0249369839054934
740,0.7112553345380244,3.0458990524129135,0.18937471933339234
741,0.6746696773628973,0.13008773180043676,0.5338562821339325
742,-1.1407101351361808,4.465713892030044,0.534902386274923
743,-0.40836276865600657,4.854209266244947,0.5728604368239608
744,0.08583792684839113,5.821890241381036,1.8665895829696264
745,-0.1295756507699878,9.266437166472755,0.9205621095532418
746,1.6914928754692926,7.715301093478963,1.7392615285225013
747,1.7692772152703693,5.226061854337007,0.18503282891722433
748,-1.3240561678605658,5.55198655131127,0.8249612757520957
749,0.06622849163547476,3.345614627756258,1.0863927268488707
750,-2.1538531493211,1.9114179609552218,0.16769055754385967
751,-1.9451870385725472,5.38017251894393,0.7132549864759563
752,0.5793806255490564,3.8376705175098516,0.8877677701130186
753,-0.3349582028808813,5.1593214613758835,0.26239095388700046
754,0.012205643954643425,5.106225217848315,1.1872731002734578
755,0.9204806550390853,11.739440461671766,0.6852705163600816
756,-0.14031707738249896,4.301820765401971,1.6222401442621301
757,-1.0859577911036886,6.872086218275513,0.4273243424951199
758,0.1351012249695883,3.721819405132579,0.6778787544462902
759,-1.8928475759064538,7.192022660970077,0.992262043455246
760,0.12007619353309684,9.433096560706288,0.313438125942863
761,-0.5982602124518361,4.894577501885427,0.001984060426276496
762,0.5761230894357177,3.8954144106580584,2.628373491986791
763,0.8012189077821595,3.5942142957075087,0.16443015648120754
764,-0.5906342979085633,6.52868253620209,0.4868339351478949
765,1.1683256088747838,8.710837377256773,0.7290099439770388
766,-1.867509525895617,3.439153155427787,1.4943684687933025
767,-0.9121914032421362,8.90844328134651,0.2773661332272448
768,-1.5994504683656297,3.68436115433396,0.836464522702639
769,2.8972405143598885,5.348486182824541,1.2876086423993922
770,0.27392925892837444,5.985581878816124,1.4589708430238078
771,-1.0818050458478983,2.551500274948134,1.7754791252038469
772,-1.261917592856563,7.552676041306549,0.35460545934987214
773,0.44345278774498204,4.703115604029496,2.6265326991236684
774,-0.2033499590993699,0.6975227995755642,1.6505631333210575
775,-1.6517840497478353,7.612738262080192,1.1101728740508836
776,1.3944603872075807,5.832103592931045,0.25614607276630663
777,-0.6454755354690932,8.787728193298067,1.1473788095581907
778,0.004879717445706463,1.9817387893942908,0.36087226388524124
779,0.23088139920422857,8.990644480102885,1.743084542667899
780,1.176517267619855,3.8076263513954487,0.13302485374411122
781,-0.26757693704924784,4.891872369509259,1.4369057424259175
782,-0.44800682134899933,1.6558486852841945,0.2879552396557757
783,0.46317098038485144,3.9673083863612373,1.0959962470697775
784,-1.3528010020452859,2.7416649993254336,4.517226020978147
785,-0.003475509635913199,7.347926317337992,0.3587653688894873
786,0.8837334276200632,1.19732519915816,0.11823009859784055
787,-1.716815140144982,4.9858044595555455,0.09013368132965305
788,2.721431671608808,1.4825119478895763,0.3856774912430719
789,-1.0318990723711494,4.56900085708611,0.48398754405472055
790,1.038956014894127,4.201855259179837,1.8982258355380683
791,1.4300266357212132,5.89610273981272,1.6761037193033272
792,-1.810835872545776,5.76996516817433,0.22656131623679304
793,-1.4810612075746852,4.811697002535157,0.524448920608103
794,1.1878163981846364,0.3258956828973183,0.004841002964258776
795,-0.5267155982456507,3.157441540067901,4.133220981845826
796,1.130216115251787,4.972421951389902,1.0770958875232275
797,-0.9709443880660317,1.6061381840376359,0.1436636515139569
798,-0.19174778110834376,4.889991351377982,0.25544441039414606
799,1.0066182442881657,4.227467721536995,0.5623229492794091
800,2.7754017557735082,5.471025232185048,0.16194274048303797
801,-1.385127406141259,1.9177033316335819,1.1394670590017493
802,1.639166620365833,4.9172256781637325,0.45231935938809315
803,-0.9582674456984913,7.766470550594473,1.7598806136928662
804,0.36200250994941513,5.953113101508614,0.04035682041641521
805,-0.2441154315530135,3.766352076236191,0.22678948280794484
806,-0.6698779238467467,4.659105940402753,0.4080948184870936
807,-0.6243425949830821,4.077496261907118,1.0270039583648265
808,0.31664911098462284,0.9038012491929805,2.1977250081184088
809,1.9438732629163915,3.765350567228018,1.0461000895118573
810,0.5883881343520284,7.334210183460032,0.3986348670457751
811,-0.16038169894149903,0.947865563390919,0.1392993506642007
812,0.6214154465612701,4.177413477127476,2.739352350865189
813,-2.5372623767357414,6.842837839196165,0.04035366026922222
814,-1.0656649580389699,5.795885867545472,0.4552512279155736
815,0.11714452444965213,5.148743017500234,0.4402625213952949
816,0.4302056635889567,7.114768762437674,2.5766853337198063
817,-1.2612251676994943,7.371732472164664,0.0837643022270351
818,0.8261239756013486,4.381935437494009,0.11619089860194988
819,-1.1564093267986395,4.259983520366005,1.5737730484616037
820,-0.6889962175219089,3.6489365447576105,0.9600993971467522
821,0.8332892153422062,5.619197799006061,0.28364593308323094
822,0.14378246843614947,6.775893878238627,0.3693136584323946
823,-0.16056625018013873,5.034205973747516,0.017128370331240463
824,0.4434409918513638,3.889837661094054,1.5450508431233558
825,0.2682979076818306,7.338445344231053,0.060569490598203574
826,0.4079977591502656,9.426843007342391,5.369844914116236
827,1.1231194128114446,3.838119046314319,0.0366041484727176
828,0.22630742040456509,6.816457617164227,0.42247666784072746
829,-1.154683188707084,4.804302048107628,0.14146078558785796
830,-0.13330010661456346,1.659251046796288,0.43490065966230806
831,-0.20739816210367815,6.980996973861152,0.4005130238334695
832,-0.5123563340624034,5.638739665206394,1.8038272564919469
833,-0.06627480804794628,5.5990995482839105,0.7315194457406844
834,0.5690633288475669,8.661246694194636,0.8587359229152234
835,0.39455234887852075,4.999745847257222,0.47102360928677167
836,-1.226244368618784,2.7043422198134093,0.1849185820604853
837,-0.06900714230967686,9.037309831926777,0.2694500787614707
838,-0.08107020808674059,3.9578876202988837,2.1173249849419746
839,-0.014805309828002197,3.2553454047826547,0.6045640681032757
840,-0.08109198991242156,3.841560752272895,0.68294456188322
841,-1.2271703781287386,5.3955864923304135,2.6435531244923793
842,2.264732318100699,5.52341094818889,0.3853813800746483
843,0.3140708701493668,5.871210165614486,1.9611999111502936
844,-0.10630801105701355,4.37648867832811,0.0669826208317216
845,0.6140384424249274,8.847836770234668,0.6615795172693606
846,0.07027303153082856,3.8655113594195285,0.312161423289554
847,0.6753073463998891,3.79845320541975,0.47258738485244034
848,0.6393166483222298,5.71673781719425,0.2903333786296604
849,-0.19258093416174088,0.1707775447775548,0.8207900409244498
850,-0.06912507810068519,2.989880195780195,0.9846212608587951
851,-0.04455538582411717,5.812536515205999,0.0598431246781322
852,0.9824422902899534,4.39797629592625,0.8702500699599489
853,-1.9173803506032852,2.711377027055336,1.0057840596252838
854,-0.8253733194273268,9.509753738062969,2.5745454245053074
855,-0.8917230538649242,6.7410330859086764,0.9315226910988709
856,1.1494688208514028,6.002051792229938,0.8222173911543313
857,-0.6123372767369787,6.087850231643548,0.8600934914611993
858,-1.0977319489020447,5.687633804363102,1.2132622133044257
859,-0.12585665727419204,0.9296053098261234,0.6804009175231993
860,-1.8260526543913214,10.293820409635986,0.4981857002584562
861,-0.235539162742193,6.0119154928916245,1.0664169485354908
862,-0.7625335490832019,8.302561016965461,1.3128573954525589
863,-0.9676873271864579,8.827084390655646,0.14248171840914367
864,-0.26948218671120505,9.29941642043934,2.7637127347431276
865,-1.5488848038153358,2.3489345295706463,0.7320356082417504
866,-0.9605175384356778,4.792603475428877,0.7841081268543907
867,1.2638349610841086,6.961972620430531,1.0254761751751202
868,0.4239363980706029,5.062836994311518,0.16511675700521006
869,-0.559099953908572,3.7854162303017427,0.21413295357914022
870,0.45488238471994746,5.397806402061199,2.579783077121703
871,0.34227941886435087,4.992611445871489,0.2898943088094532
872,0.9764752103649592,5.664870695611203,1.1392257199585876
873,0.6798020811984017,6.535959118280632,0.8089836089626165
874,-1.0161293568651963,7.979284801230445,0.3783341923383325
875,-1.0247877905291032,4.898787681880865,0.48279324547611896
876,0.4051455651367141,4.495955932434718,1.0468615935044951
877,-0.8999630039645133,2.468537543395652,4.873358374348871
878,0.1871736626033294,4.502370724179718,1.0627190029675857
879,-0.9777614512877953,7.150720227672669,1.0421202356240238
880,1.0027849958413633,4.17015937087729,1.7924396591114173
881,0.038888049314695,3.831467099405436,0.013669071226256255
882,-0.3600653681740277,6.4048429912617095,0.20420445796923642
883,1.1503628596517108,7.188322895096708,0.03660594923631792
884,0.663561233983138,2.1387306376335316,0.10543942715975473
885,0.6208348465342673,3.299521363436998,1.0081865422301903
886,0.2745955494766491,0.9246760973846708,1.4708242586666271
887,-0.009608849445645799,4.969702283219306,0.6509985238085267
888,0.3574913868068255,2.4337356167998223,0.15186144804526244
889,1.6742400389980467,5.695141130033228,1.0287954200281708
890,0.18879843782923073,1.3664503062752722,1.7192003732654386
891,0.20964503593888897,6.5034132434679,2.8143642244532527
892,-0.38833852120045786,5.158539478325657,1.0067675395964597
893,-0.7637492313772932,2.521574924717678,0.08354086365103028
894,-0.159363503621517,5.294696676568624,0.9268603001781295
895,-0.2432536706012798,2.821322843760901,0.6056154974631882
896,-0.16763937496319947,3.6249761856293974,2.132172315227858
897,0.7867597010794816,3.2553666812533373,1.6653269307774925
898,-0.7700859509016119,6.299033201261046,0.47818954815753156
899,-0.33770096569573643,4.936579584005367,1.1455162583911107
900,-0.9214780914002536,3.758086417837278,0.8418445004007755
901,-0.4394262999262873,2.320602375564484,0.14224097340890565
902,1.635496928583845,5.204654663648571,0.4032465523742447
903,1.349647705657656,3.5832568347807774,2.5285173733869932
904,1.2589341697437921,3.3556508062650936,1.1934296767416888
905,-0.6012231145253975,5.687512441910214,2.5262398182794708
906,0.8297030801445533,3.2958102340103554,1.9174879630640655
907,-2.118059298191678,7.3862753563484596,0.19415518029877044
908,-1.9011523682810278,5.748304900544352,1.1039486764268491
909,0.24810618617214236,5.296864386000845,0.7299134579930412
910,-0.61871398765183,2.776540039241661,1.1861111177114754
911,-0.8519789485199409,4.3617388909354835,0.7023701759615183
912,-0.09741400250872584,8.035232331722128,0.020190646318181467
913,-2.7806879645473708,5.468505506809168,0.05506977248374472
914,0.19311992729651753,5.522627537077641,0.5872200200659441
915,-0.2230612970608159,8.66941337413094,1.6938419621809324
916,-0.820008276155882,1.522364307993413,0.2553099087523384
917,0.8377221401369183,3.346829626823694,0.18575311078040416
918,-0.6402177064739998,7.100266989037479,0.9230539178421473
919,0.4386631429653639,2.641767049595392,1.0384907024901762
920,-0.32746973261961815,3.0181761102752827,0.6225915206824314
921,-2.148988505071075,3.113738465928335,2.5389892180616194
922,-0.5447171477178219,10.12977228588829,1.6327772759856103
923,0.5022256090016145,6.3114301950875635,0.4039435047199836
924,1.2750877180288718,8.497886007457154,4.9924426070301
925,-0.41177929687536957,5.009478688932847,0.47862899680585613
926,1.0649855764817733,3.627785718989239,1.6537016643382085
927,-2.4476803942768637,3.3197322948047536,0.21109651877273097
928,-1.194415376409321,6.640622418491645,3.481812591443071
929,0.9205421404058557,4.872804898764909,0.5069673203274884
930,0.7644870846704017,5.272834801113949,0.156804980419144
931,0.0019859452568712355,2.7673176740332996,0.8568624343020527
932,-0.18708117427910892,3.653732549587883,0.09613000191703848
933,-1.3619518651611275,2.80629506822022,0.14151754580973946
934,0.005433888350608816,2.9599509991687385,1.7264355152837962
935,-0.7046748802230525,2.192533968165089,1.1358432982510764
936,0.14286448354888748,3.7377005656101305,0.2754217069424891
937,-3.0080497750275286,7.790346667729448,0.3422129638499876
938,0.06801387936506408,7.250571839826176,1.051318069238924
939,-0.18796309322703705,4.93035008124854,1.0625093940681722
940,-0.1808403644653608,6.440005288168678,0.4776264030999185
941,-0.6584764349029281,5.8074294123790065,0.3044798753605114
942,-0.43546868723634674,5.894889636819457,0.8686419628573647
943,1.2911371536910479,5.804935944298425,2.799774451597929
944,-1.379320331540406,2.288113770310498,2.4863701267787426
945,0.8475113284240111,2.338843801335677,0.87676534213326
946,-0.4005567758219741,7.029187762151394,2.324376394607541
947,1.6137995409481538,3.1973028867804802,0.17052593460712165
948,0.47592828744090054,7.926686893135486,2.2992278068148844
949,2.1092263584221125,3.975653797025987,2.039885713673712
950,-1.498779935353261,7.894897874356613,0.01048267599173142
951,-0.4346077478354931,5.114045642449089,2.74027284366718
952,1.066257653998731,5.285998242295452,0.24800694571988374
953,-0.7681083588046742,5.458562051367177,0.9419051253092138
954,0.9241164068515111,4.02602637305712,0.2860383660083758
955,-1.6043547423615185,6.3904909356149044,0.189255550766678
956,-0.11420085858279942,2.56121496686606,0.5431649815072999
957,0.45944114133846614,7.161735771501668,0.07818834564497693
958,-0.9127470504882697,6.350735159816941,0.7582133667670127
959,0.362317653338168,3.6426125605486357,0.03212198132868404
960,-0.151094906996242,6.559506164957085,1.2250276926958408
961,0.02536973036016984,5.476861547622511,0.7163629357830905
962,-0.6061923639000275,4.075268260924468,0.5019621379046706
963,-1.2749933062495216,-0.7088100225154514,0.1892700220155257
964,-0.03728674382869005,3.74036008236848,0.7807093706044743
965,-0.841147263418339,0.9067977456994498,1.084423143996258
966,-0.3848010650703876,8.429288631904,0.9238796142835869
967,-1.3553165979235873,1.8086943634145212,1.1002355299687248
968,-0.7573698308641856,7.720870173317902,1.012398759363613
969,-1.8234367956162636,4.403871312334793,1.1274131938674803
970,-0.4648354710410034,2.990719045002666,1.375233106222585
971,-0.7325677924095049,9.159837245824558,0.3311925717747344
972,1.0416290509338562,6.07335046500437,0.12241194049936763
973,-0.6400898198778346,3.993552792572248,1.0610635021925383
974,-0.6469635159133998,1.5409321226500317,0.4874074388491139
975,0.37642213446521183,4.018292098932009,1.7498787753061458
976,1.2157941607694043,8.06311966146193,0.1294790818656772
977,0.431851188941062,4.382044550299694,1.4755650387865027
978,-0.23669541345421877,2.2039280286421783,0.24568920934911362
979,0.7129440382806184,7.052545461320978,0.5713475682834911
980,-0.8366758515120875,7.035501679806863,1.2289699088656232
981,-1.6655356907836312,6.9248320110193795,0.7825680731189225
982,-0.9900248225737139,2.7938675817485707,0.0896604861974116
983,0.39703646582663105,5.972182788893045,0.6064923675417724
984,0.7247730825267881,5.6771795096552555,2.7735186284321816
985,-1.914777733530893,2.469725209016893,2.245988643563109
986,1.4349195728583408,6.164828349464749,0.5109718179740352
987,0.2097496221938349,2.11205125793088,0.2979526597955455
988,-0.19594174713922027,2.3304192763555527,1.11560900993606
989,-0.5096816457433822,3.9100952911103777,1.6779334372204349
990,-2.1883174086308954,3.6607962209073284,0.8404054828907824
991,1.1754899410149953,2.854825946260634,0.724018083730201
992,1.036676522813344,2.1987499453081782,0.32046159435795235
993,-1.1015477295465979,5.880284811052078,1.212879529771618
994,-0.06613301581138449,5.295899911329011,0.010173548268751949
995,-0.5631798719149446,5.0968634933934664,0.15568035176383435
996,-0.601370624422922,5.730676647738359,0.3108648905527174
997,-0.6276850719941449,8.177134740221778,0.6265644457467295
998,0.7017592289941884,3.8465018424568314,3.947185341962456
999,-0.39266720336783156,4.539996043106794,1.7315652400765305
New content
New content
New content
New content
New content
New content
New content
New content
New content
New content
New content
New content
New content
New content
